loss,val_loss
0.12010292708873749,0.15147152543067932
0.030656924471259117,0.1271103322505951
0.016215864568948746,0.08168914169073105
0.011586617678403854,0.07991331815719604
0.008995961397886276,0.02824353240430355
0.00649107014760375,0.020519832149147987
0.00575754139572382,0.023458601906895638
0.004568791016936302,0.03946799039840698
0.003879484487697482,0.007653084117919207
0.0036388514563441277,0.012525717727839947
