loss,val_loss
0.06087147817015648,0.004050053656101227
0.012341419234871864,0.0009886771440505981
0.009767601266503334,0.0012103876797482371
0.006942810490727425,0.0020675084087997675
0.004710058216005564,0.0018844095757231116
0.003604683093726635,0.001241086283698678
0.0032870278228074312,0.0011372857261449099
0.0028001589234918356,0.0007144942646846175
0.0025656751822680235,0.0013189120218157768
0.0024026711471378803,0.0018559625605121255
